{
"lengthUnit": "mil",
"remark": [],
"components": {
	"fields": ["COMPONENT_NO", "COMPONENT_NAME", "LAYER", "X_COORDINATE", "Y_COORDINATE", "ANGLE"],
	"rows": [
		[1, "C4", "T", 145.134, -984.716, 90],
		[2, "C5", "T", 245.134, -984.258, 90],
		[3, "C6", "T", 345.134, -991.9, 90],
		[4, "C7", "T", 455.134, -1040.555, 90],
		[5, "C8", "T", 800, -575, 90],
		[6, "C9", "T", 675, -885, 90],
		[7, "CN1", "T", 1070, -790, 90],
		[8, "D2", "T", 233.127, -401.077, 270],
		[9, "D3", "T", 423.127, -401.077, 90],
		[10, "DC2", "T", 705.134, -199.009, 180],
		[11, "H1", "T", 298.127, -814.258, 0],
		[12, "LED1", "T", 830, -875, 90],
		[13, "R2", "T", 325, -600, 0],
		[14, "R3", "T", 328.127, -214.009, 0],
		[15, "R4", "T", 743.625, -889.716, 90],
		[16, "U3", "T", 650, -660, 0],
		[17, "PAD1", "T", 145.134, -957.156, 0],
		[18, "PAD2", "T", 145.134, -1012.276, 0],
		[19, "PAD3", "T", 245.134, -956.698, 0],
		[20, "PAD4", "T", 245.134, -1011.818, 0],
		[21, "PAD5", "T", 345.134, -964.34, 0],
		[22, "PAD6", "T", 345.134, -1019.46, 0],
		[23, "PAD7", "T", 455.134, -977.855, 0],
		[24, "PAD8", "T", 455.134, -1103.255, 0],
		[25, "PAD9", "T", 800, -547.44, 0],
		[26, "PAD10", "T", 800, -602.56, 0],
		[27, "PAD11", "T", 675, -857.44, 0],
		[28, "PAD12", "T", 675, -912.56, 0],
		[29, "PAD13", "T", 233.127, -468.007, 0],
		[30, "PAD14", "T", 233.127, -334.147, 0],
		[31, "PAD15", "T", 423.127, -334.147, 0],
		[32, "PAD16", "T", 423.127, -468.007, 0],
		[33, "PAD17", "T", 587.034, -291.536, 0],
		[34, "PAD17", "B", 587.034, -291.536, 0],
		[35, "PAD18", "T", 823.234, -291.536, 0],
		[36, "PAD18", "B", 823.234, -291.536, 0],
		[37, "PAD19", "T", 705.134, -106.486, 0],
		[38, "PAD19", "B", 705.134, -106.486, 0],
		[39, "PAD20", "T", 148.127, -864.258, 0],
		[40, "PAD20", "B", 148.127, -864.258, 0],
		[41, "PAD21", "T", 148.127, -764.258, 0],
		[42, "PAD21", "B", 148.127, -764.258, 0],
		[43, "PAD22", "T", 248.127, -864.258, 0],
		[44, "PAD22", "B", 248.127, -864.258, 0],
		[45, "PAD23", "T", 248.127, -764.258, 0],
		[46, "PAD23", "B", 248.127, -764.258, 0],
		[47, "PAD24", "T", 348.127, -864.258, 0],
		[48, "PAD24", "B", 348.127, -864.258, 0],
		[49, "PAD25", "T", 348.127, -764.258, 0],
		[50, "PAD25", "B", 348.127, -764.258, 0],
		[51, "PAD26", "T", 448.127, -864.258, 0],
		[52, "PAD26", "B", 448.127, -864.258, 0],
		[53, "PAD27", "T", 448.127, -764.258, 0],
		[54, "PAD27", "B", 448.127, -764.258, 0],
		[55, "PAD28", "T", 830, -916.35, 0],
		[56, "PAD29", "T", 830, -833.65, 0],
		[57, "PAD30", "T", 325.005, -600, 0],
		[58, "PAD30", "B", 325.005, -600, 0],
		[59, "PAD31", "T", 226.575, -600, 0],
		[60, "PAD31", "B", 226.575, -600, 0],
		[61, "PAD32", "T", 423.425, -600, 0],
		[62, "PAD32", "B", 423.425, -600, 0],
		[63, "PAD33", "T", 328.132, -214.009, 0],
		[64, "PAD33", "B", 328.132, -214.009, 0],
		[65, "PAD34", "T", 229.702, -214.009, 0],
		[66, "PAD34", "B", 229.702, -214.009, 0],
		[67, "PAD35", "T", 426.552, -214.009, 0],
		[68, "PAD35", "B", 426.552, -214.009, 0],
		[69, "PAD36", "T", 743.625, -860.056, 0],
		[70, "PAD37", "T", 743.625, -919.376, 0],
		[71, "PAD38", "T", 575, -769.15, 0],
		[72, "PAD39", "T", 625, -769.15, 0],
		[73, "PAD40", "T", 675, -769.15, 0],
		[74, "PAD41", "T", 725, -769.15, 0],
		[75, "PAD42", "T", 575, -550.85, 0],
		[76, "PAD43", "T", 625, -550.85, 0],
		[77, "PAD44", "T", 675, -550.85, 0],
		[78, "PAD45", "T", 725, -550.85, 0],
		[79, "PAD46", "T", 1070, -740.787, 0],
		[80, "PAD46", "B", 1070, -740.787, 0],
		[81, "PAD47", "T", 1070, -839.212, 0],
		[82, "PAD47", "B", 1070, -839.212, 0]
	]
},
"pins": {
	"fields": ["PIN_NO", "PIN_NAME", "PIN_X", "PIN_Y", "LAYER", "PIN_TYPE", "NET_NAME", "NET_TYPE", "PAD_SHAPE", "PAD_SIZEX", "PAD_SIZEY", "HOLE_SIZE", "HOLE_LEN", "PAD_ANGLE"],
	"rows": [
		[1, "C4_1", 145.134, -1012.276, "T", "SMD", "GND", "GND", "R", 31.496, 35.433, 0, 0, 90],
		[2, "C4_2", 145.134, -957.156, "T", "SMD", "$1N716", "", "R", 31.496, 35.433, 0, 0, 90],
		[3, "C5_1", 245.134, -1011.818, "T", "SMD", "GND", "GND", "R", 31.496, 35.433, 0, 0, 90],
		[4, "C5_2", 245.134, -956.698, "T", "SMD", "$1N719", "", "R", 31.496, 35.433, 0, 0, 90],
		[5, "C6_1", 345.134, -1019.46, "T", "SMD", "GND", "GND", "R", 31.496, 35.433, 0, 0, 90],
		[6, "C6_2", 345.134, -964.34, "T", "SMD", "$1N722", "", "R", 31.496, 35.433, 0, 0, 90],
		[7, "C7_1", 455.134, -1103.255, "T", "SMD", "GND", "GND", "R", 58.465, 68.031, 0, 0, 90],
		[8, "C7_2", 455.134, -977.855, "T", "SMD", "$1N725", "", "R", 58.465, 68.031, 0, 0, 90],
		[9, "C8_1", 800, -602.56, "T", "SMD", "GND", "GND", "R", 31.496, 35.433, 0, 0, 90],
		[10, "C8_2", 800, -547.44, "T", "SMD", "$1N734", "", "R", 31.496, 35.433, 0, 0, 90],
		[11, "C9_1", 675, -912.56, "T", "SMD", "GND", "GND", "R", 31.496, 35.433, 0, 0, 90],
		[12, "C9_2", 675, -857.44, "T", "SMD", "PWM-OUT", "", "R", 31.496, 35.433, 0, 0, 90],
		[13, "CN1_1", 1070, -740.787, "T", "DIP", "PWM-OUT", "", "C", 66.929, 66.929, 39.37, 39.37, 270],
		[14, "CN1_1", 1070, -740.787, "B", "DIP", "PWM-OUT", "", "C", 66.929, 66.929, 39.37, 39.37, 270],
		[15, "CN1_2", 1070, -839.212, "T", "DIP", "GND", "GND", "C", 66.929, 66.929, 39.37, 39.37, 270],
		[16, "CN1_2", 1070, -839.212, "B", "DIP", "GND", "GND", "C", 66.929, 66.929, 39.37, 39.37, 270],
		[17, "D2_1", 233.127, -334.147, "T", "SMD", "$1N699", "", "R", 43.307, 66.929, 0, 0, 90],
		[18, "D2_2", 233.127, -468.007, "T", "SMD", "$1N706", "", "R", 43.307, 66.929, 0, 0, 90],
		[19, "D3_1", 423.127, -468.007, "T", "SMD", "$1N704", "", "R", 43.307, 66.929, 0, 0, 270],
		[20, "D3_2", 423.127, -334.147, "T", "SMD", "$1N699", "", "R", 43.307, 66.929, 0, 0, 270],
		[21, "DC2_1", 587.034, -291.536, "T", "DIP", "$1N688", "", "O", 70.866, 165.354, 47.244, 145.67, 180],
		[22, "DC2_1", 587.034, -291.536, "B", "DIP", "$1N688", "", "O", 70.866, 165.354, 47.244, 145.67, 180],
		[23, "DC2_2", 823.234, -291.536, "T", "DIP", "GND", "GND", "O", 70.866, 165.354, 47.244, 145.67, 0],
		[24, "DC2_2", 823.234, -291.536, "B", "DIP", "GND", "GND", "O", 70.866, 165.354, 47.244, 145.67, 0],
		[25, "DC2_3", 705.134, -106.486, "T", "DIP", "GND", "GND", "O", 70.866, 165.354, 47.244, 145.67, 90],
		[26, "DC2_3", 705.134, -106.486, "B", "DIP", "GND", "GND", "O", 70.866, 165.354, 47.244, 145.67, 90],
		[27, "H1_1", 148.127, -864.258, "T", "DIP", "$1N716", "", "R", 66.929, 66.929, 43.307, 43.307, 0],
		[28, "H1_1", 148.127, -864.258, "B", "DIP", "$1N716", "", "R", 66.929, 66.929, 43.307, 43.307, 0],
		[29, "H1_2", 148.127, -764.258, "T", "DIP", "$1N680", "", "C", 66.929, 66.929, 43.307, 43.307, 0],
		[30, "H1_2", 148.127, -764.258, "B", "DIP", "$1N680", "", "C", 66.929, 66.929, 43.307, 43.307, 0],
		[31, "H1_3", 248.127, -864.258, "T", "DIP", "$1N719", "", "C", 66.929, 66.929, 43.307, 43.307, 0],
		[32, "H1_3", 248.127, -864.258, "B", "DIP", "$1N719", "", "C", 66.929, 66.929, 43.307, 43.307, 0],
		[33, "H1_4", 248.127, -764.258, "T", "DIP", "$1N680", "", "C", 66.929, 66.929, 43.307, 43.307, 0],
		[34, "H1_4", 248.127, -764.258, "B", "DIP", "$1N680", "", "C", 66.929, 66.929, 43.307, 43.307, 0],
		[35, "H1_5", 348.127, -864.258, "T", "DIP", "$1N722", "", "C", 66.929, 66.929, 43.307, 43.307, 0],
		[36, "H1_5", 348.127, -864.258, "B", "DIP", "$1N722", "", "C", 66.929, 66.929, 43.307, 43.307, 0],
		[37, "H1_6", 348.127, -764.258, "T", "DIP", "$1N680", "", "C", 66.929, 66.929, 43.307, 43.307, 0],
		[38, "H1_6", 348.127, -764.258, "B", "DIP", "$1N680", "", "C", 66.929, 66.929, 43.307, 43.307, 0],
		[39, "H1_7", 448.127, -864.258, "T", "DIP", "$1N725", "", "C", 66.929, 66.929, 43.307, 43.307, 0],
		[40, "H1_7", 448.127, -864.258, "B", "DIP", "$1N725", "", "C", 66.929, 66.929, 43.307, 43.307, 0],
		[41, "H1_8", 448.127, -764.258, "T", "DIP", "$1N680", "", "C", 66.929, 66.929, 43.307, 43.307, 0],
		[42, "H1_8", 448.127, -764.258, "B", "DIP", "$1N680", "", "C", 66.929, 66.929, 43.307, 43.307, 0],
		[43, "LED1_1", 830, -916.35, "T", "SMD", "$1N859", "", "R", 51.2, 55.1, 0, 0, 90],
		[44, "LED1_2", 830, -833.65, "T", "SMD", "GND", "GND", "R", 51.2, 55.1, 0, 0, 90],
		[45, "R2_1", 226.575, -600, "T", "DIP", "$1N706", "", "C", 60, 60, 30, 30, 0],
		[46, "R2_1", 226.575, -600, "B", "DIP", "$1N706", "", "C", 60, 60, 30, 30, 0],
		[47, "R2_2", 325.005, -600, "T", "DIP", "$1N680", "", "C", 60, 60, 30, 30, 0],
		[48, "R2_2", 325.005, -600, "B", "DIP", "$1N680", "", "C", 60, 60, 30, 30, 0],
		[49, "R2_3", 423.425, -600, "T", "DIP", "$1N704", "", "C", 60, 60, 30, 30, 0],
		[50, "R2_3", 423.425, -600, "B", "DIP", "$1N704", "", "C", 60, 60, 30, 30, 0],
		[51, "R3_1", 229.702, -214.009, "T", "DIP", "$1N699", "", "C", 60, 60, 30, 30, 0],
		[52, "R3_1", 229.702, -214.009, "B", "DIP", "$1N699", "", "C", 60, 60, 30, 30, 0],
		[53, "R3_2", 328.132, -214.009, "T", "DIP", "$1N688", "", "C", 60, 60, 30, 30, 0],
		[54, "R3_2", 328.132, -214.009, "B", "DIP", "$1N688", "", "C", 60, 60, 30, 30, 0],
		[55, "R3_3", 426.552, -214.009, "T", "DIP", "$1N688", "", "C", 60, 60, 30, 30, 0],
		[56, "R3_3", 426.552, -214.009, "B", "DIP", "$1N688", "", "C", 60, 60, 30, 30, 0],
		[57, "R4_1", 743.625, -919.376, "T", "SMD", "$1N859", "", "R", 31.751, 34.016, 0, 0, 90],
		[58, "R4_2", 743.625, -860.056, "T", "SMD", "PWM-OUT", "", "R", 31.751, 34.016, 0, 0, 90],
		[59, "U3_1", 575, -769.15, "T", "SMD", "GND", "GND", "O", 23.15, 80.512, 0, 0, 0],
		[60, "U3_2", 625, -769.15, "T", "SMD", "$1N680", "", "O", 23.15, 80.512, 0, 0, 0],
		[61, "U3_3", 675, -769.15, "T", "SMD", "PWM-OUT", "", "O", 23.15, 80.512, 0, 0, 0],
		[62, "U3_4", 725, -769.15, "T", "SMD", "$1N688", "", "O", 23.15, 80.512, 0, 0, 0],
		[63, "U3_5", 725, -550.85, "T", "SMD", "$1N734", "", "O", 23.15, 80.512, 0, 0, 0],
		[64, "U3_6", 675, -550.85, "T", "SMD", "$1N680", "", "O", 23.15, 80.512, 0, 0, 0],
		[65, "U3_7", 625, -550.85, "T", "SMD", "$1N699", "", "O", 23.15, 80.512, 0, 0, 0],
		[66, "U3_8", 575, -550.85, "T", "SMD", "$1N688", "", "O", 23.15, 80.512, 0, 0, 0],
		[67, "PAD1_2", 145.134, -957.156, "T", "SMD", "$1N716", "", "R", 31.496, 35.433, 0, 0, 90],
		[68, "PAD2_1", 145.134, -1012.276, "T", "SMD", "GND", "GND", "R", 31.496, 35.433, 0, 0, 90],
		[69, "PAD3_2", 245.134, -956.698, "T", "SMD", "$1N719", "", "R", 31.496, 35.433, 0, 0, 90],
		[70, "PAD4_1", 245.134, -1011.818, "T", "SMD", "GND", "GND", "R", 31.496, 35.433, 0, 0, 90],
		[71, "PAD5_2", 345.134, -964.34, "T", "SMD", "$1N722", "", "R", 31.496, 35.433, 0, 0, 90],
		[72, "PAD6_1", 345.134, -1019.46, "T", "SMD", "GND", "GND", "R", 31.496, 35.433, 0, 0, 90],
		[73, "PAD7_2", 455.134, -977.855, "T", "SMD", "$1N725", "", "R", 58.465, 68.031, 0, 0, 90],
		[74, "PAD8_1", 455.134, -1103.255, "T", "SMD", "GND", "GND", "R", 58.465, 68.031, 0, 0, 90],
		[75, "PAD9_2", 800, -547.44, "T", "SMD", "$1N734", "", "R", 31.496, 35.433, 0, 0, 90],
		[76, "PAD10_1", 800, -602.56, "T", "SMD", "GND", "GND", "R", 31.496, 35.433, 0, 0, 90],
		[77, "PAD11_2", 675, -857.44, "T", "SMD", "PWM-OUT", "", "R", 31.496, 35.433, 0, 0, 90],
		[78, "PAD12_1", 675, -912.56, "T", "SMD", "GND", "GND", "R", 31.496, 35.433, 0, 0, 90],
		[79, "PAD13_2", 233.127, -468.007, "T", "SMD", "$1N706", "", "R", 43.307, 66.929, 0, 0, 90],
		[80, "PAD14_1", 233.127, -334.147, "T", "SMD", "$1N699", "", "R", 43.307, 66.929, 0, 0, 90],
		[81, "PAD15_2", 423.127, -334.147, "T", "SMD", "$1N699", "", "R", 43.307, 66.929, 0, 0, 270],
		[82, "PAD16_1", 423.127, -468.007, "T", "SMD", "$1N704", "", "R", 43.307, 66.929, 0, 0, 270],
		[83, "PAD17_1", 587.034, -291.536, "T", "DIP", "$1N688", "", "O", 70.866, 165.354, 47.244, 145.67, 180],
		[84, "PAD17_1", 587.034, -291.536, "B", "DIP", "$1N688", "", "O", 70.866, 165.354, 47.244, 145.67, 180],
		[85, "PAD18_2", 823.234, -291.536, "T", "DIP", "GND", "GND", "O", 70.866, 165.354, 47.244, 145.67, 0],
		[86, "PAD18_2", 823.234, -291.536, "B", "DIP", "GND", "GND", "O", 70.866, 165.354, 47.244, 145.67, 0],
		[87, "PAD19_3", 705.134, -106.486, "T", "DIP", "GND", "GND", "O", 70.866, 165.354, 47.244, 145.67, 90],
		[88, "PAD19_3", 705.134, -106.486, "B", "DIP", "GND", "GND", "O", 70.866, 165.354, 47.244, 145.67, 90],
		[89, "PAD20_1", 148.127, -864.258, "T", "DIP", "$1N716", "", "R", 66.929, 66.929, 43.307, 43.307, 0],
		[90, "PAD20_1", 148.127, -864.258, "B", "DIP", "$1N716", "", "R", 66.929, 66.929, 43.307, 43.307, 0],
		[91, "PAD21_2", 148.127, -764.258, "T", "DIP", "$1N680", "", "C", 66.929, 66.929, 43.307, 43.307, 0],
		[92, "PAD21_2", 148.127, -764.258, "B", "DIP", "$1N680", "", "C", 66.929, 66.929, 43.307, 43.307, 0],
		[93, "PAD22_3", 248.127, -864.258, "T", "DIP", "$1N719", "", "C", 66.929, 66.929, 43.307, 43.307, 0],
		[94, "PAD22_3", 248.127, -864.258, "B", "DIP", "$1N719", "", "C", 66.929, 66.929, 43.307, 43.307, 0],
		[95, "PAD23_4", 248.127, -764.258, "T", "DIP", "$1N680", "", "C", 66.929, 66.929, 43.307, 43.307, 0],
		[96, "PAD23_4", 248.127, -764.258, "B", "DIP", "$1N680", "", "C", 66.929, 66.929, 43.307, 43.307, 0],
		[97, "PAD24_5", 348.127, -864.258, "T", "DIP", "$1N722", "", "C", 66.929, 66.929, 43.307, 43.307, 0],
		[98, "PAD24_5", 348.127, -864.258, "B", "DIP", "$1N722", "", "C", 66.929, 66.929, 43.307, 43.307, 0],
		[99, "PAD25_6", 348.127, -764.258, "T", "DIP", "$1N680", "", "C", 66.929, 66.929, 43.307, 43.307, 0],
		[100, "PAD25_6", 348.127, -764.258, "B", "DIP", "$1N680", "", "C", 66.929, 66.929, 43.307, 43.307, 0],
		[101, "PAD26_7", 448.127, -864.258, "T", "DIP", "$1N725", "", "C", 66.929, 66.929, 43.307, 43.307, 0],
		[102, "PAD26_7", 448.127, -864.258, "B", "DIP", "$1N725", "", "C", 66.929, 66.929, 43.307, 43.307, 0],
		[103, "PAD27_8", 448.127, -764.258, "T", "DIP", "$1N680", "", "C", 66.929, 66.929, 43.307, 43.307, 0],
		[104, "PAD27_8", 448.127, -764.258, "B", "DIP", "$1N680", "", "C", 66.929, 66.929, 43.307, 43.307, 0],
		[105, "PAD28_1", 830, -916.35, "T", "SMD", "$1N859", "", "R", 51.2, 55.1, 0, 0, 90],
		[106, "PAD29_2", 830, -833.65, "T", "SMD", "GND", "GND", "R", 51.2, 55.1, 0, 0, 90],
		[107, "PAD30_2", 325.005, -600, "T", "DIP", "$1N680", "", "C", 60, 60, 30, 30, 0],
		[108, "PAD30_2", 325.005, -600, "B", "DIP", "$1N680", "", "C", 60, 60, 30, 30, 0],
		[109, "PAD31_1", 226.575, -600, "T", "DIP", "$1N706", "", "C", 60, 60, 30, 30, 0],
		[110, "PAD31_1", 226.575, -600, "B", "DIP", "$1N706", "", "C", 60, 60, 30, 30, 0],
		[111, "PAD32_3", 423.425, -600, "T", "DIP", "$1N704", "", "C", 60, 60, 30, 30, 0],
		[112, "PAD32_3", 423.425, -600, "B", "DIP", "$1N704", "", "C", 60, 60, 30, 30, 0],
		[113, "PAD33_2", 328.132, -214.009, "T", "DIP", "$1N688", "", "C", 60, 60, 30, 30, 0],
		[114, "PAD33_2", 328.132, -214.009, "B", "DIP", "$1N688", "", "C", 60, 60, 30, 30, 0],
		[115, "PAD34_1", 229.702, -214.009, "T", "DIP", "$1N699", "", "C", 60, 60, 30, 30, 0],
		[116, "PAD34_1", 229.702, -214.009, "B", "DIP", "$1N699", "", "C", 60, 60, 30, 30, 0],
		[117, "PAD35_3", 426.552, -214.009, "T", "DIP", "$1N688", "", "C", 60, 60, 30, 30, 0],
		[118, "PAD35_3", 426.552, -214.009, "B", "DIP", "$1N688", "", "C", 60, 60, 30, 30, 0],
		[119, "PAD36_2", 743.625, -860.056, "T", "SMD", "PWM-OUT", "", "R", 31.751, 34.016, 0, 0, 90],
		[120, "PAD37_1", 743.625, -919.376, "T", "SMD", "$1N859", "", "R", 31.751, 34.016, 0, 0, 90],
		[121, "PAD38_1", 575, -769.15, "T", "SMD", "GND", "GND", "O", 23.15, 80.512, 0, 0, 0],
		[122, "PAD39_2", 625, -769.15, "T", "SMD", "$1N680", "", "O", 23.15, 80.512, 0, 0, 0],
		[123, "PAD40_3", 675, -769.15, "T", "SMD", "PWM-OUT", "", "O", 23.15, 80.512, 0, 0, 0],
		[124, "PAD41_4", 725, -769.15, "T", "SMD", "$1N688", "", "O", 23.15, 80.512, 0, 0, 0],
		[125, "PAD42_8", 575, -550.85, "T", "SMD", "$1N688", "", "O", 23.15, 80.512, 0, 0, 0],
		[126, "PAD43_7", 625, -550.85, "T", "SMD", "$1N699", "", "O", 23.15, 80.512, 0, 0, 0],
		[127, "PAD44_6", 675, -550.85, "T", "SMD", "$1N680", "", "O", 23.15, 80.512, 0, 0, 0],
		[128, "PAD45_5", 725, -550.85, "T", "SMD", "$1N734", "", "O", 23.15, 80.512, 0, 0, 0],
		[129, "PAD46_1", 1070, -740.787, "T", "DIP", "PWM-OUT", "", "C", 66.929, 66.929, 39.37, 39.37, 270],
		[130, "PAD46_1", 1070, -740.787, "B", "DIP", "PWM-OUT", "", "C", 66.929, 66.929, 39.37, 39.37, 270],
		[131, "PAD47_2", 1070, -839.212, "T", "DIP", "GND", "GND", "C", 66.929, 66.929, 39.37, 39.37, 270],
		[132, "PAD47_2", 1070, -839.212, "B", "DIP", "GND", "GND", "C", 66.929, 66.929, 39.37, 39.37, 270]
	]
}
}